{"cameraMode":{"drawMode":0,"name":"Shaded","section":"Shading Mode"},"sceneLighting":false,"audioPlay":false,"sceneViewState":{"showFog":true,"showMaterialUpdate":false,"showSkybox":false,"showFlares":true,"showImageEffects":true,"showParticleSystems":true},"in2DMode":false,"pivot":{"x":26.500757217407228,"y":2.9640040397644045,"z":-21.60573959350586},"rotation":{"x":-0.041987478733062747,"y":-0.006902793422341347,"z":0.0003002013254445046,"w":-0.9991202354431152},"size":37.64078140258789,"orthographic":true}