{"cameraMode":{"drawMode":0,"name":"Shaded","section":"Shading Mode"},"sceneLighting":false,"audioPlay":false,"sceneViewState":{"showFog":true,"showMaterialUpdate":false,"showSkybox":false,"showFlares":true,"showImageEffects":true,"showParticleSystems":true},"in2DMode":false,"pivot":{"x":81.74815368652344,"y":-2.1659274101257326,"z":-22.792747497558595},"rotation":{"x":-0.11792494356632233,"y":-0.07053552567958832,"z":0.00839853286743164,"w":-0.9904896020889282},"size":36.88984298706055,"orthographic":true}