{"cameraMode":{"drawMode":0,"name":"Shaded","section":"Shading Mode"},"sceneLighting":true,"audioPlay":false,"sceneViewState":{"showFog":true,"showMaterialUpdate":false,"showSkybox":true,"showFlares":true,"showImageEffects":true,"showParticleSystems":true},"in2DMode":false,"pivot":{"x":19.647010803222658,"y":29.23638153076172,"z":79.40591430664063},"rotation":{"x":0.06769291311502457,"y":-0.26874470710754397,"z":0.019583456218242646,"w":0.9609996676445007},"size":144.5664520263672,"orthographic":false}